"UTC date","occupied common cells per UTC date","MODIS export state","S-NPP export state"
"2024-07-24","1","complete_export","partial_product_gap"
"2024-07-25","415","complete_export","documented_product_gap"
"2024-07-26","430","complete_export","documented_product_gap"
"2024-07-27","288","complete_export","documented_product_gap"
"2024-07-28","104","complete_export","documented_product_gap"
"2024-07-29","114","complete_export","partial_product_gap"
"2024-07-30","147","complete_export","complete_export"
"2024-07-31","100","complete_export","complete_export"
"2024-08-01","62","complete_export","complete_export"
"2024-08-02","80","complete_export","complete_export"
"2024-08-03","0","complete_export","complete_export"
"2024-08-04","28","complete_export","complete_export"
"2024-08-05","62","complete_export","complete_export"
"2024-08-06","130","complete_export","complete_export"
"2024-08-07","102","complete_export","complete_export"
"2024-08-08","70","complete_export","complete_export"
"2024-08-09","51","complete_export","complete_export"
"2024-08-10","28","complete_export","complete_export"
"2024-08-11","7","complete_export","complete_export"
"2024-08-12","4","complete_export","complete_export"
"2024-08-13","4","complete_export","complete_export"
"2024-08-14","1","complete_export","complete_export"
